{
	"shared_item_grid":
	{
		"type": "array",
		"orientation": "vertical",
		"margin": "0,0",
		"content":
		[
			{
				"type": "array",
				"orientation": "horizontal",
				"margin": "0,0",
				"content":
				[
					{
						"type": "itemgrid",
						"h_alignment": "center",
						"item_margin": "1,1",
						"rows":
						[
							[ "crono", "lucca", "marle", "frog", "robo","ayla", "magus" ],
							[ "benthilt", "bentsword", "masamune", "grandleon",  "heromedal", "seed", "bikekey", "scale"],
							[ "gatekey", "dreamstone", "rubyknife", "rainbowshell", "prismshard", "tools", "racelog", "dactyl"],
							[ "pendant1", "ctrigger", "clone", "tomapop", "jerky", "moonstone", "sunstone", "jetsoftime"],
							[ "jetsoftime2", "algetty", "omen", "bucket", "apoc", "go", "checklist", "pendant2"]
						]
					},
					{
						"type": "itemgrid",
						"h_alignment": "center",
						"item_margin": "1,1",
						"rows":
						[
							[ "yakraboss", "yakraxiiiboss", "dragontankboss","rusttyranoboss", "retiniteboss", "heckranboss", "zomborboss" ],
							[ "blacktyranoboss", "sonofsunboss", "guardianboss", "rseriesboss", "masamuneboss", "nizbelboss", "zealboss" ],
							[ "magusboss", "gigagaiaboss", "motherbrainboss", "lavosspawnboss","dalton", "golemboss", "twinboss" ],
							[ "fair", "bekkler", "snail", "melchior", "jerkytrade", "tata", "plant" ],
							[ "gaspar", "mammon", "burrow", "cyrus", "doan", "belthasar", "moonstonecharge" ]
						]
					}
				]
			}
		]
	},
	"flag_grid":
	{
		"type": "array",
		"orientation": "vertical",
		"margin": "0,0",
		"content":
		[
			{
				"type": "array",
				"orientation": "horizontal",
				"margin": "0,0",
				"content":
				[
					{
						"type": "array",
						"h_alignment": "center",
						"item_margin": "1,1",
						"content":
						[
              {
                "type": "item",
						    "item": "Flag_Chronosanity_off",
						    "scale": 0.90,
                "margin": "0,5"
              }
						]
					}
				]
			}
		]
	},
	"tracker_capture_item":
	{
		"type": "container",
		"content":
		{
			"type": "itemgrid",
			"h_alignment": "center",
			"item_margin": "1,1",
			"rows":
			[
							[ "crono", "lucca", "marle", "frog", "robo","ayla", "magus" ],
							[ "heromedal", "benthilt", "bentsword", "masamune", "gatekey", "dreamstone" ],
							[ "tomapop", "pendant", "prismshard", "moonstone", "jerky", "roboribbon" ],
							[ "magic", "tools", "clone", "ctrigger", "rubyknife", "gomode" ]
			]	
		}
	},
	"tracker_default":
	{
		"type": "container",
		"background": "#101010",
		"content":
		{
			"type": "dock",
			"dropshadow": true,
			"content":
			[
				{
					"type": "dock",
					"dock": "bottom",
					"h_alignment": "stretch",
					"content":
					[
						{
							"type": "dock",
							"dock": "left",
							"content":
							[
								{
									"type": "group",
									"header": "Items",
									"dock": "top",
									"content":
									{
										"type": "layout",
										"key": "shared_item_grid"
									}
								}
							]
						},
						{
							"type": "group",
							"header": "Flags",
							"content":
							{
                "type": "layout",
                "key": "flag_grid"
							}
						}
					]
				},
				{
					"type": "tabbed",
					"tabs":
					[
						{
							"title": "All Eras",
							"content":
							{
								"type": "map",
								"maps":
								[
									"All Eras"
								]
							}
						},
						
						{
							"title": "Prehistory",
							"content":
							{
								"type": "map",
								"maps":
								[
									"Prehistory"
								]
							}
						},
						{
							"title": "Dark Ages",
							"content":
							{
								"type": "map",
								"maps":
								[
									"Dark Ages"
								]
							}
						},
						{
							"title": "Middle Ages",
							"content":
							{
								"type": "map",
								"maps":
								[
									"Middle Ages"
								]
							}
						},
						{
							"title": "Present",
							"content":
							{
								"type": "map",
								"maps":
								[
									"Present"
								]
							}
						},
						{
							"title": "Future",
							"content":
							{
								"type": "map",
								"maps":
								[
									"Future"
								]
							}
						},
						{
							"title": "Last Village / End of Time",
							"content":
							{
								"type": "map",
								"maps":
								[
									"Last Village"
								]
							}
						}
					]
				}
			]
		}
	}
}
