[
	{
		"name": "All Locations",
		"children":
		[
			{
				"name": "Prehistory",
				"color": "#b82800",
				"access_rules":[""],
				"children":
				[
					{
						"name": "Dactyl Nest",
						"sections":
						[
							{
								"name": "Dactyl Recruit",
               						        "access_rules": ["dreamstone"],
								"hosted_item": "dactylrecruit"
							},
							{
								"name": "Dactyl Flight",
               						        "access_rules": ["dreamstone"],
								"hosted_item": "dactyl"
							},
              						{
                						"name": "Chests",
                						"visibility_rules": ["chronosanity"],
                						"chest_unopened_img": "images/kino.png",
                						"chest_opened_img": "images/kiyes.png",
                						"item_count": 3
              						}
						],
						"map_locations":
						[
							{
								"map": "Prehistory",
								"x": 518,
								"y": 258
							},
							{
								"map": "All Eras",
								"x": 518,
								"y": 258
							}
						]
					},
					{
						"name": "Reptite Lair",
						"access_rules":["dactyl", "ayla", "jetsoftime2"],
						"sections":
						[
							{
								"name": "Nizbel",
								"hosted_item": "nizbelboss"
							},
              						{
                						"name": "Chests",
                						"visibility_rules": ["chronosanity"],
                						"chest_unopened_img": "images/kino.png",
								"chest_opened_img": "images/kiyes.png",
								"item_count": 2
              						}
						],
						"map_locations":
						[
							{
								"map": "Prehistory",
								"x": 543,
								"y": 826
							},
							{
								"map": "All Eras",
								"x": 543,
								"y": 826
							}
						]
					},
          				{
            					"name": "Forest Maze",
						"access_rules":["ayla", "dactyl", "jetsoftime2"],
						"sections":
						[
              						{
                						"name": "Chests",
                						"visibility_rules": ["chronosanity"],
                						"chest_unopened_img": "images/kino.png",
								"chest_opened_img": "images/kiyes.png",
								"item_count": 9
              						}
						],
						"map_locations":
						[
							{
								"map": "Prehistory",
								"x": 543,
								"y": 713
							},
							{
								"map": "All Eras",
								"x": 543,
								"y": 713
							}
						]
          				},
          				{
            					"name": "Mystic Mountain",
						"access_rules":[],
						"sections":
						[
              						{
                						"name": "Chests",
                						"visibility_rules": ["chronosanity"],
                						"chest_unopened_img": "images/kino.png",
								"chest_opened_img": "images/kiyes.png",
								"item_count": 1
              						}
						],
						"map_locations":
						[
							{
								"map": "Prehistory",
								"x": 391,
								"y": 703
							},
							{
								"map": "All Eras",
								"x": 391,
								"y": 703
							}
						]
          				},
					{
						"name": "Sun Keep",
						"access_rules":["jetsoftime2,moonstone,lucca"],
						"sections":
						[
							{
								"name": "Charge the Moonstone",
								"hosted_item": "moonstonecharge"
							}
						],
						"map_locations":
						[
							{
								"map": "Prehistory",
								"x": 1295,
								"y": 135
							},
							{
								"map": "Future",
								"x": 1257,
								"y": 132
							},
							{
								"map": "All Eras",
								"x": 1295,
								"y": 135
							},
							{
								"map": "All Eras",
								"x": 4367,
								"y": 135
							}
						]
					},
					{
						"name": "Laruba Ruins",
						"sections":
						[
							{
								"name": "Sleepy Nu",
								"visibility_rules": ["chronosanity"],
								"chest_unopened_img": "images/nu.png",
								"chest_opened_img": "images/yu.png",
								"item_count": 1
							},
							{
								"name": "Dactyl Flight",
               						        "access_rules": ["dreamstone"],
								"hosted_item": "dactyl"
							},
						],
						"map_locations":
						[
							{
								"map": "Prehistory",
								"x": 430,
								"y": 344
							},
							{
								"map": "All Eras",
								"x": 430,
								"y": 344
							},
						]
					},
					{
						"name": "Hunting Range",
						"access_rules":[],
						"sections":
						[
							{
								"name": "Nu Fight",
								"visibility_rules": ["chronosanity"],
								"chest_unopened_img": "images/nu.png",
								"chest_opened_img": "images/yu.png",
								"item_count": 1
							},
						],
						"map_locations":
						[
							{
								"map": "Prehistory",
								"x": 584,
								"y": 267
							},
							{
								"map": "All Eras",
								"x": 584,
								"y": 267
							},
						]
					},
					{
						"name": "Tyrano Castle",
						"access_rules":["dactyl,ayla","jetsoftime2,ayla"],
						"sections":
						[
							{
								"name": "Black Tyrano",
								"hosted_item": "blacktyranoboss"
							}
						],
						"map_locations":
						[
							{
								"map": "Prehistory",
								"x": 848,
								"y": 565
							},
							{
								"map": "All Eras",
								"x": 848,
								"y": 565
							}
						]
					},
					{
						"name": "Ioka Sweetwater Hut",
						"access_rules":[""],
						"sections":
						[
							{
								"name": "Ioka Tonic",
								"access_rules":["ayla"],
								"visibility_rules": ["chronosanity"],
								"chest_unopened_img": "images/tonic.png",
								"chest_opened_img": "images/tonicchecked.png",
								"item_count": 1
							}
						],
						"map_locations":
						[
							{
								"map": "Prehistory",
								"x": 557,
								"y": 616
							},
							{
								"map": "All Eras",
								"x": 557,
								"y": 616
							}
						]
					}
				]
			},
			{
				"name": "Dark Ages",
				"color": "#c0c0c8",
				"access_rules":["belthasar", "blacktyranoboss", "magusboss", "jetsoftime2"],
				"children":
				[
					{
						"name": "Mt Woe",
						"access_rules":
						[
							""
						],
						"sections":
						[
							{
								"name": "Giga Gaia",
								"hosted_item": "gigagaiaboss"
							},
							{
								"name": "Screen 1",
                						"visibility_rules": ["chronosanity"],
								"chest_unopened_img": "images/kino.png",
								"chest_opened_img": "images/kiyes.png",
								"item_count": 1
							},
							{
								"name": "Screen 2",
                						"visibility_rules": ["chronosanity"],
								"chest_unopened_img": "images/kino.png",
								"chest_opened_img": "images/kiyes.png",
								"item_count": 5
							},
							{
								"name": "Screen 3",
                						"visibility_rules": ["chronosanity"],
								"chest_unopened_img": "images/kino.png",
								"chest_opened_img": "images/kiyes.png",
								"item_count": 5
							},
							{
								"name": "Screen 4",
                						"visibility_rules": ["chronosanity"],
								"chest_unopened_img": "images/kino.png",
								"chest_opened_img": "images/kiyes.png",
								"item_count": 2
							},
							{
								"name": "Screen 4 Sparkle",
                						"visibility_rules": ["chronosanity"],
								"chest_unopened_img": "images/tabsparkle.png",
								"chest_opened_img": "images/sparklechecked.png",
								"item_count": 1
							},
						],
						"map_locations":
						[
							{
								"map": "Dark Ages",
								"x": 417,
								"y": 386
							},
							{
								"map": "All Eras",
								"x": 417,
								"y": 1408
							}
						]
					},
					{
						"name": "Terra Cave (Mt Woe Ent)",
						"access_rules":
						[
							""
						],
						"sections":
						[
							{
								"name": "Mud Imp",
								"chest_unopened_img": "images/mudimpalive.png",
								"chest_opened_img": "images/mudimpdead.png",
								"item_count": 1
							},
							{
								"name": "Tab Sparkle",
                						"visibility_rules": ["chronosanity"],
								"chest_unopened_img": "images/tabsparkle.png",
								"chest_opened_img": "images/sparklechecked.png",
								"item_count": 1
							}
						],
						"map_locations":
						[
							{
								"map": "Dark Ages",
								"x": 424,
								"y": 458
							},
							{
								"map": "All Eras",
								"x": 424,
								"y": 1482
							}
						]
					},
					{
						"name": "Zeal Palace",
						"access_rules":["blacktyranoboss", "magusboss", "belthasar", "jetsoftime2"],
						"sections":
						[
							{
								"name": "Zeal Throne Room",
								"access_rules":["pendant2", "magus"],
								"hosted_item": "golemboss"
							},
							{
								"name": "Pendant Charge",
								"access_rules":["pendant1"],
								"hosted_item": "mammon"
							},
							{
								"name": "Ocean Palace Finish (Hard lavos optional)",
								"access_rules":["pendant2, rubyknife", "magus, rubyknife"],
								"hosted_item": "twinboss"
							},
							{
								"name": "Talk to Plant Lady (opens 600 AD sunken desert)",
								"hosted_item": "plant"
							}						
						],
						"map_locations":
						[
							{
								"map": "Dark Ages",
								"x": 1415,
								"y": 652
							},
							{
								"map": "All Eras",
								"x": 1415,
								"y": 1675
							}
						]
					},
					{
						"name": "Enhasa",
						"access_rules":
						[
							""
						],
						"sections":
						[
							{
								"name": "Hidden Room Nus",
                						"visibility_rules": ["chronosanity"],
								"chest_unopened_img": "images/nu.png",
								"chest_opened_img": "images/yu.png",
								"item_count": 1
							}
						],
						"map_locations":
						[
							{
								"map": "Dark Ages",
								"x": 1073,
								"y": 1001
							},
							{
								"map": "All Eras",
								"x": 1073,
								"y": 2031
							}
						]
					},
					{
						"name": "Kajar",
						"access_rules":
						[
							""
						],
						"sections":
						[
							{
								"name": "Research Room Sparkle",
                						"visibility_rules": ["chronosanity"],
								"chest_unopened_img": "images/tabsparkle.png",
								"chest_opened_img": "images/sparklechecked.png",
								"item_count": 1
							},
							{
								"name": "Hidden Room Poyozo",
                						"visibility_rules": ["chronosanity"],
								"chest_unopened_img": "images/poyozo.png",
								"chest_opened_img": "images/poyono.png",
								"item_count": 1
							},
							{
								"name": "Nu Scratch (Scratch Spot in Zeal)",
                						"visibility_rules": ["chronosanity"],
								"chest_unopened_img": "images/nu.png",
								"chest_opened_img": "images/yu.png",
								"item_count": 1
							}
						],
						"map_locations":
						[
							{
								"map": "Dark Ages",
								"x": 1227,
								"y": 805
							},
							{
								"map": "All Eras",
								"x": 1227,
								"y": 1829
							}
						]
					},
				]
			},
			{
				"name": "Middle Ages",
				"color": "#306848",
				"access_rules":
				[
					""
				],
				"children":
				[
					{
						"name": "Manoria Cathedral",
						"access_rules":
						[
							""
						],
						"sections":
						[
							{
								"name": "Yakra",
								"hosted_item": "yakraboss"
							},
							{
								"name": "Saved by Recruit",
								"hosted_item": "cathrecruit1"
							},
              						{
                						"name": "Front Half",
                						"visibility_rules": ["chronosanity"],
                						"chest_unopened_img": "images/kino.png",
								"chest_opened_img": "images/kiyes.png",
								"item_count": 3
              						},
              						{
                						"name": "Bromide Room",
                						"visibility_rules": ["chronosanity"],
                						"chest_unopened_img": "images/kino.png",
								"chest_opened_img": "images/kiyes.png",
								"item_count": 3
              						},
              						{
                						"name": "Soldier Bucket Sparkle",
                						"visibility_rules": ["chronosanity"],
                						"chest_unopened_img": "images/tabsparkle.png",
								"chest_opened_img": "images/sparklechecked.png",
								"item_count": 1
              						},
              						{
                						"name": "Disguised Royalty",
                						"visibility_rules": ["chronosanity"],
                						"chest_unopened_img": "images/kino.png",
								"chest_opened_img": "images/kiyes.png",
								"item_count": 2
              						},
              						{
                						"name": "Shrine",
                						"visibility_rules": ["chronosanity"],
                						"chest_unopened_img": "images/kino.png",
								"chest_opened_img": "images/kiyes.png",
								"item_count": 2
              						},
              						{
                						"name": "Back Half",
                						"visibility_rules": ["chronosanity"],
                						"chest_unopened_img": "images/kino.png",
								"chest_opened_img": "images/kiyes.png",
								"item_count": 4
              						},
              						{
                						"name": "Final Chest",
                						"visibility_rules": [""],
                						"chest_unopened_img": "images/kino.png",
								"chest_opened_img": "images/kiyes.png",
								"item_count": 1
              						}
						],
						"map_locations":
						[
							{
								"map": "Middle Ages",
								"x": 200,
								"y": 270
							},
							{
								"map": "All Eras",
								"x": 1736,
								"y": 270
							}
						]
					},
          				{
						"name": "Truce Canyon",
						"access_rules": [""],
						"sections":
						[
							{
								"name": "Chests",
                						"visibility_rules": ["chronosanity"],
								"chest_unopened_img": "images/kino.png",
								"chest_opened_img": "images/kiyes.png",
								"item_count": 2
							}
						],
						"map_locations":
						[
							{
								"map": "Middle Ages",
								"x": 439,
								"y": 205
							},
							{
								"map": "All Eras",
								"x": 1970,
								"y": 205
							}
						]
					},
					{
						"name": "Cursed Woods",
						"access_rules":[],
						"sections":
						[
							{
								"name": "Return the Masamune",
								"hosted_item": "burrowrecruit",
								"access_rules":
								[
									"masamune","{}"
								]
							},
							{
								"name": "Burrow Left Chest",
								"access_rules":
								[
									"heromedal","masamune","{}"
								],
								"hosted_item": "burrow"
							},
              						{
								"name": "Burrow Right Chest",
                						"visibility_rules": ["chronosanity"],
								"chest_unopened_img": "images/kino.png",
								"chest_opened_img": "images/kiyes.png",
								"item_count": 1
							},
              						{
								"name": "Forest Chests",
                						"visibility_rules": ["chronosanity"],
								"chest_unopened_img": "images/kino.png",
								"chest_opened_img": "images/kiyes.png",
								"item_count": 2
							}
						],
						"map_locations":
						[
							{
								"map": "Middle Ages",
								"x": 248,
								"y": 748
							},
							{
								"map": "All Eras",
								"x": 1784,
								"y": 748
							}
						]
					},
					{
						"name": "Zenan Bridge",
						"access_rules":
						[
							"jerky"
						],
						"sections":
						[
							{
								"name": "Zombor (No Key Item, Consumes 1 Jerky)",
								"hosted_item": "zomborboss"
							},
							{
								"name": "Captain Helmet",
                						"visibility_rules": ["chronosanity"],
								"chest_unopened_img": "images/captain.png",
								"chest_opened_img": "images/captainchecked.png",
								"item_count": 1
							}
						],
						"map_locations":
						[
							{
								"map": "Middle Ages",
								"x": 247,
								"y": 454
							},
							{
								"map": "All Eras",
								"x": 1783,
								"y": 454
							}
						]
					},
					{
						"name": "Dorino Residence",
						"access_rules":
						[
							""
						],
						"sections":
						[
							{
								"name": "Locked Dresser (Naga-ette Bromide from Cathedral)",
                						"visibility_rules": ["chronosanity"],
								"chest_unopened_img": "images/tabsparkle.png",
								"chest_opened_img": "images/sparklechecked.png",
								"item_count": 1
							}
						],
						"map_locations":
						[
							{
								"map": "Middle Ages",
								"x": 307,
								"y": 518
							},
							{
								"map": "All Eras",
								"x": 1840,
								"y": 518
							}
						]
					},
					{
						"name": "Porre Market",
						"access_rules":
						[
							""
						],
						"sections":
						[
							{
								"name": "Corner Tab",
                						"visibility_rules": ["chronosanity"],
								"chest_unopened_img": "images/tabsparkle.png",
								"chest_opened_img": "images/sparklechecked.png",
								"item_count": 1
							}
						],
						"map_locations":
						[
							{
								"map": "Middle Ages",
								"x": 422,
								"y": 817
							},
							{
								"map": "All Eras",
								"x": 1959,
								"y": 817
							}
						]
					},
					{
						"name": "Dorino Inn",
						"access_rules":
						[
							"marle"
						],
						"sections":
						[
							{
								"name": "Rest at Inn (Marle in Party)",
                						"visibility_rules": ["chronosanity"],
								"chest_unopened_img": "images/tabsparkle.png",
								"chest_opened_img": "images/sparklechecked.png",
								"item_count": 1
							}
						],
						"map_locations":
						[
							{
								"map": "Middle Ages",
								"x": 341,
								"y": 551
							},
							{
								"map": "All Eras",
								"x": 1887,
								"y": 551
							}
						]
					},
					{
						"name": "Sunken Desert ",
						"access_rules":["plant"],
						"sections":
						[
							{
								"name": "Retinite",
								"hosted_item": "retiniteboss"
							}
						],
						"map_locations":
						[
							{
								"map": "Middle Ages",
								"x": 359,
								"y": 714
							},
							{
								"map": "All Eras",
								"x": 1895,
								"y": 714
							}
						]
					},
					{
						"name": "Fiona's Villa",
						"access_rules":[""],
						"sections":
						[
							{
								"name": "Replant the Forest and recover Robo from Fiona's Shrine",
                						"access_rules": ["robo,retiniteboss,lucca"],
								"hosted_item": "fionacomplete"
							},
              						{
								"name": "Chests",
                						"visibility_rules": ["chronosanity"],
								"chest_unopened_img": "images/kino.png",
								"chest_opened_img": "images/kiyes.png",
								"item_count": 2
							}
						],
						"map_locations":
						[
							{
								"map": "Middle Ages",
								"x": 410,
								"y": 668
							},
							{
								"map": "All Eras",
								"x": 1946,
								"y": 668
							}
						]
					},
					{
						"name": "Denadoro Mts",
						"access_rules":[],
						"sections":
						[
							{
								"name": "Masa & Mune",
								"hosted_item": "masamuneboss"
							},
              						{
                						"name": "Entrance",
                						"visibility_rules": ["chronosanity"],
                						"chest_unopened_img": "images/kino.png",
								"chest_opened_img": "images/kiyes.png",
								"item_count": 5
              						},
              						{
                						"name": "Right Side Climb",
                						"visibility_rules": ["chronosanity"],
                						"chest_unopened_img": "images/kino.png",
								"chest_opened_img": "images/kiyes.png",
								"item_count": 6
              						},
              						{
                						"name": "Frog Rock Catch (Frog Leading)",
								"access_rules": ["frog"],
                						"visibility_rules": ["chronosanity"],
                						"chest_unopened_img": "images/tabsparkle.png",
								"chest_opened_img": "images/sparklechecked.png",
								"item_count": 1
              						},
              						{
                						"name": "Waterfall Top",
                						"visibility_rules": ["chronosanity"],
                						"chest_unopened_img": "images/kino.png",
								"chest_opened_img": "images/kiyes.png",
								"item_count": 3
              						},
              						{
                						"name": "Mountains're Nice",
                						"visibility_rules": ["chronosanity"],
                						"chest_unopened_img": "images/mountainsrenice.png",
								"chest_opened_img": "images/nosybrat.png",
								"item_count": 1
              						},
              						{
                						"name": "Waterfall Drop",
                						"visibility_rules": ["chronosanity"],
                						"chest_unopened_img": "images/kino.png",
								"chest_opened_img": "images/kiyes.png",
								"item_count": 2
              						},
              						{
                						"name": "Left Side",
                						"visibility_rules": ["chronosanity"],
                						"chest_unopened_img": "images/kino.png",
								"chest_opened_img": "images/kiyes.png",
								"item_count": 3
              						},
							{
								"name": "Left Corner Sparkle",
                						"visibility_rules": ["chronosanity"],
								"chest_unopened_img": "images/tabsparkle.png",
								"chest_opened_img": "images/sparklechecked.png",
								"item_count": 1
							}
						],
						"map_locations":
						[
							{
								"map": "Middle Ages",
								"x": 416,
								"y": 566
							},
							{
								"map": "All Eras",
								"x": 1952,
								"y": 566
							}
						]
					},
					{
						"name": "Guardia Castle 600",
						"access_rules":[],
						"sections":
						[
							{
								"name": "Rescue Marle",
								"access_rules":
								[
									"yakraboss","{}"
								],
								"hosted_item": "cathrecruit2"
							},
              						{
                						"name": "Left Tower",
                						"visibility_rules": ["chronosanity"],
								"chest_unopened_img": "images/kino.png",
								"chest_opened_img": "images/kiyes.png",
								"item_count": 2
              						},
              						{
                						"name": "Right Tower",
                						"visibility_rules": ["chronosanity"],
								"chest_unopened_img": "images/kino.png",
								"chest_opened_img": "images/kiyes.png",
								"item_count": 2
              						},
              						{
                						"name": "Kitchen",
                						"visibility_rules": ["chronosanity"],
								"chest_unopened_img": "images/kino.png",
								"chest_opened_img": "images/kiyes.png",
								"item_count": 1
              						},
             						{
                						"name": "Sealed Chest",
                						"visibility_rules": ["chronosanity"],
                						"access_rules": ["pendant2"],
								"chest_unopened_img": "images/sealedchest.png",
								"chest_opened_img": "images/unsealedchest.png",
								"item_count": 1
              						},
              						{
                						"name": "Chef",
                						"visibility_rules": ["chronosanity"],
								"chest_unopened_img": "images/chef.png",
								"chest_opened_img": "images/chefsteamed.png",
								"item_count": 1
              						}
						],
						"map_locations":
						[
							{
								"map": "Middle Ages",
								"x": 280,
								"y": 195
							},
							{
								"map": "All Eras",
								"x": 1816,
								"y": 195
							}
						]
					},
					{
						"name": "Giant's Claw (Defile Toma's Grave in 1000)",
						"access_rules":["jetsoftime2, tomaspop"],
						"sections":
						[
							{
								"name": "Rust Tyrano",
								"hosted_item": "rusttyranoboss"
							},
              						{
								"name": "Entrance Throne Room",
                						"visibility_rules": ["chronosanity"],
								"chest_unopened_img": "images/kino.png",
								"chest_opened_img": "images/kiyes.png",
								"item_count": 2
							},
              						{
								"name": "Cave After Throne",
                						"visibility_rules": ["chronosanity"],
								"chest_unopened_img": "images/kino.png",
								"chest_opened_img": "images/kiyes.png",
								"item_count": 1
							},
							{
								"name": "Behind Cave Skull",
                						"visibility_rules": ["chronosanity"],
								"chest_unopened_img": "images/kino.png",
								"chest_opened_img": "images/kiyes.png",
								"item_count": 1
							},
							{
								"name": "Behind Drop Skull Sparkle",
                						"visibility_rules": ["chronosanity"],
								"chest_unopened_img": "images/tabsparkle.png",
								"chest_opened_img": "images/sparklechecked.png",
								"item_count": 1
							},
							{
								"name": "Caverns After Drop",
                						"visibility_rules": ["chronosanity"],
								"chest_unopened_img": "images/kino.png",
								"chest_opened_img": "images/kiyes.png",
								"item_count": 3
							},
							{
								"name": "Caverns Sparkle After Drop",
                						"visibility_rules": ["chronosanity"],
								"chest_unopened_img": "images/tabsparkle.png",
								"chest_opened_img": "images/sparklechecked.png",
								"item_count": 1
							},
							{
								"name": "Ladder Caverns",
                						"visibility_rules": ["chronosanity"],
								"chest_unopened_img": "images/kino.png",
								"chest_opened_img": "images/kiyes.png",
								"item_count": 2
							},
							{
								"name": "Left Switch Cave",
                						"visibility_rules": ["chronosanity"],
								"chest_unopened_img": "images/kino.png",
								"chest_opened_img": "images/kiyes.png",
								"item_count": 1
							},
							{
								"name": "Chest Drop",
                						"visibility_rules": ["chronosanity"],
								"chest_unopened_img": "images/kino.png",
								"chest_opened_img": "images/kiyes.png",
								"item_count": 1
							},
							{
								"name": "Right Skull Sparkle",
                						"visibility_rules": ["chronosanity"],
								"chest_unopened_img": "images/tabsparkle.png",
								"chest_opened_img": "images/sparklechecked.png",
								"item_count": 1
							},
							{
								"name": "Kino's Cell",
                						"visibility_rules": ["chronosanity"],
								"chest_unopened_img": "images/kino.png",
								"chest_opened_img": "images/kiyes.png",
								"item_count": 1
							}
						],
						"map_locations":
						[
							{
								"map": "Middle Ages",
								"x": 954,
								"y": 588
							},
							{
								"map": "All Eras",
								"x": 2490,
								"y": 588
							}
						]
					},
          				{
						"name": "Magic Cave",
						"access_rules": ["frog,masamune","jetsoftime2"],
						"sections":
						[
              						{
								"name": "Sealed Chest",
                						"visibility_rules": ["chronosanity"],
                						"access_rules": ["pendant2"],
								"chest_unopened_img": "images/sealedchest.png",
								"chest_opened_img": "images/unsealedchest.png",
								"item_count": 1
							}
						],
						"map_locations":
						[
							{
								"map": "Middle Ages",
								"x": 534,
								"y": 666
							},
							{
								"map": "All Eras",
								"x": 2072,
								"y": 666
							}
						]
					},
          				{
						"name": "Choras Cafe",
						"access_rules": ["jetsoftime2"],
						"sections":
						[
              						{
								"name": "Toma's Pop",
                						"visibility_rules": ["chronosanity"],
								"chest_unopened_img": "images/toma.png",
								"chest_opened_img": "images/tomaspop.png",
								"item_count": 1
							},
              						{
								"name": "Carpenter Tools (No Key Item)",
                						"access_rules": ["tools"],
								"chest_unopened_img": "images/carpenter.png",
								"chest_opened_img": "images/tools.png",
								"item_count": 1
							}
						],
						"map_locations":
						[
							{
								"map": "Middle Ages",
								"x": 1186,
								"y": 829
							},
							{
								"map": "All Eras",
								"x": 2722,
								"y": 829
							}
						]
					},
					{
						"name": "Magus' Castle",
						"access_rules":
						["frog,masamune","jetsoftime2"],
						"sections":
						[
							{
								"name": "Magus",
								"hosted_item": "magusboss"
							}
						],
						"map_locations":
						[
							{
								"map": "Middle Ages",
								"x": 672,
								"y": 466
							},
							{
								"map": "All Eras",
								"x": 2208,
								"y": 466
							}
						]
					},
					{
						"name": "Ozzie's Fort",
						"access_rules":["jetsoftime2"],
						"sections":
						[
							{
								"name": "Defeat Ozzie",
								"hosted_item": "ozzie"
							},
              						{
                						"name": "Guillotine Room",
                						"visibility_rules": ["chronosanity"],
                						"chest_unopened_img": "images/kino.png",
                						"chest_opened_img": "images/kiyes.png",
                						"item_count": 1
              						},
              						{
                						"name": "Guillotine Room (Hidden)",
                						"visibility_rules": ["chronosanity"],
                						"chest_unopened_img": "images/kino.png",
                						"chest_opened_img": "images/kiyes.png",
                						"item_count": 3
              						},
              						{
                						"name": "Guillotine Room Sparkle (Hidden)",
                						"visibility_rules": ["chronosanity"],
                						"chest_unopened_img": "images/tabsparkle.png",
                						"chest_opened_img": "images/sparklechecked.png",
                						"item_count": 1
              						},
              						{
                						"name": "Boss Room",
                						"visibility_rules": ["chronosanity"],
                						"chest_unopened_img": "images/kino.png",
                						"chest_opened_img": "images/kiyes.png",
                						"item_count": 2
              						}
						],
						"map_locations":
						[
							{
								"map": "Middle Ages",
								"x": 975,
								"y": 400
							},
							{
								"map": "All Eras",
								"x": 2512,
								"y": 400
							}
						]
					},
					{
						"name": "Sun Keep 600",
						"access_rules": ["jetsoftime2"],
						"sections":
						[
              						{
                						"name": "Tab Sparkle",
                						"visibility_rules": ["chronosanity"],
                						"chest_unopened_img": "images/tabsparkle.png",
                						"chest_opened_img": "images/sparklechecked.png",
                						"item_count": 1
              						},
						],
						"map_locations":
						[
							{
								"map": "Middle Ages",
								"x": 1257,
								"y": 136
							},
							{
								"map": "All Eras",
								"x": 2793,
								"y": 136
							}
						]
					},
          				{
						"name": "Porre Elder's House",
						"access_rules":
						[
							""
						],
						"sections":
						[
              {
								"name": "Sealed Chests",
                						"visibility_rules": ["chronosanity"],
                						"access_rules": ["pendant2"],
								"chest_unopened_img": "images/sealedchest.png",
								"chest_opened_img": "images/unsealedchest.png",
								"item_count": 2
							}
						],
						"map_locations":
						[
							{
								"map": "Middle Ages",
								"x": 337,
								"y": 852
							},
							{
								"map": "All Eras",
								"x": 1873,
								"y": 844
							}
						]
					},
          				{
						"name": "Truce Inn 600",
						"access_rules": [""],
						"sections":
						[
              				{
								"name": "Sealed Chest",
                						"visibility_rules": ["chronosanity"],
								"access_rules": ["pendant2"],
								"chest_unopened_img": "images/sealedchest.png",
								"chest_opened_img": "images/unsealedchest.png",
								"item_count": 1
							}
						],
						"map_locations":
						[
							{
								"map": "Middle Ages",
								"x": 415,
								"y": 290
							},
							{
								"map": "All Eras",
								"x": 1950,
								"y": 290
							}
						]
					},
          				{
						"name": "Northern Ruins 600 (Carpenter Fixes)",
						"access_rules":["jetsoftime2,tools"],
						"sections":
						[
              						{
								"name": "Cyrus' Grave (Visit With Frog)",
                						"access_rules": ["frog,masamune"],
								"hosted_item": "cyrus"
							},
              						{
								"name": "Basement Chest",
                						"visibility_rules": ["chronosanity"],
								"chest_unopened_img": "images/kino.png",
								"chest_opened_img": "images/kiyes.png",
								"item_count": 1
							},
              						{
								"name": "Left Room Chest",
                						"visibility_rules": ["chronosanity"],
								"chest_unopened_img": "images/kino.png",
								"chest_opened_img": "images/kiyes.png",
								"item_count": 1
							},
              						{
								"name": "Sealed Chests",
								"access_rules": ["pendant2"],
                						"visibility_rules": ["chronosanity"],
								"chest_unopened_img": "images/sealedchest.png",
								"chest_opened_img": "images/unsealedchest.png",
								"item_count": 3
							}
						],
						"map_locations":
						[
							{
								"map": "Middle Ages",
								"x": 1240,
								"y": 684
							},
							{
								"map": "All Eras",
								"x": 2776,
								"y": 684
							}
						]
					},
          				{
						"name": "Tata Check",
						"access_rules":["bentsword", "benthilt"],
						"sections":
						[
              						{
								"name": "Tata Medal Check (After Denadoro Cutscene)",
                						"visibility_rules": [""],
								"hosted_item": "tata"
							}

						],
						"map_locations":
						[
							{
								"map": "Middle Ages",
								"x": 408,
								"y": 882
							},
							{
								"map": "All Eras",
								"x": 1945,
								"y": 881
							}
						]
					},
          				{
						"name": "Guardia Forest 600",
						"access_rules": [""],
						"sections":
						[
              						{
								"name": "Forest Tab",
                						"visibility_rules": ["chronosanity"],
								"chest_unopened_img": "images/tabsparkle.png",
								"chest_opened_img": "images/sparklechecked.png",
								"item_count": 1
							},
							{
								"name": "Sealed Chest",
								"access_rules": ["pendant2"],
                						"visibility_rules": ["chronosanity"],
								"chest_unopened_img": "images/sealedchest.png",
								"chest_opened_img": "images/unsealedchest.png",
								"item_count": 1
							}
						],
						"map_locations":
						[
              						{
								"map": "Middle Ages",
								"x": 280,
								"y": 265
							},
							{
								"map": "All Eras",
								"x": 1816,
								"y": 265
							}
						]
					}
				]
			},
			{
				"name": "Present",
				"color": "#609040",
				"access_rules":
				[
					""
				],
				"children":
				[
					{
						"name": "Guardia Castle Present",
						"access_rules":
						[
							""
						],
						"sections":
						[
							{
								"name": "Defeat Dragon Tank",
								"access_rules":
								[
									""
								],
								"hosted_item": "dragontankboss"
							},
							{
								"name": "Recruit Prison Character (2 man party for prison boss. If no character is present lucca is needed.",
								"access_rules":
								[
									""
								],
								"hosted_item": "prisonrecruit"
							},
							{
								"name": "Yakra XIII",
								"access_rules":["marle,prismshard, rainbowshell"],
								"hosted_item": "yakraxiiiboss"
							},
							{
								"name": "King Guardia's Trial",
								"chest_unopened_img": "images/kino.png",
								"chest_opened_img": "images/kiyes.png",
								"access_rules":["marle,rainbowshell"],
								"item_count": 1
							},
							{
								"name": "Melchior's Refinements (Not a Key Item)",
								"hosted_item": "refinements"
							},
              {
                "name": "King's Tower",
                "visibility_rules": ["chronosanity"],
								"chest_unopened_img": "images/kino.png",
								"chest_opened_img": "images/kiyes.png",
								"item_count": 2
              },
              {
                "name": "Queen's Tower",
                "visibility_rules": ["chronosanity"],
								"chest_unopened_img": "images/kino.png",
								"chest_opened_img": "images/kiyes.png",
								"item_count": 2
              },
              {
                "name": "Courtroom Tower",
                "visibility_rules": ["chronosanity"],
								"chest_unopened_img": "images/kino.png",
								"chest_opened_img": "images/kiyes.png",
								"item_count": 1
              },
              {
                "name": "Prison Tower",
                "visibility_rules": ["chronosanity"],
                "access_rules": ["dragontankboss"],
								"chest_unopened_img": "images/kino.png",
								"chest_opened_img": "images/kiyes.png",
								"item_count": 1
              },
              {
                "name": "Guardia Treasury",
                "visibility_rules": ["chronosanity"],
                "access_rules": ["marle,prismshard"],
								"chest_unopened_img": "images/kino.png",
								"chest_opened_img": "images/kiyes.png",
								"item_count": 6
              },
              {
                "name": "Sealed Chest",
                "visibility_rules": ["chronosanity"],
                "access_rules": ["$canAccessSealed"],
								"chest_unopened_img": "images/kino.png",
								"chest_opened_img": "images/kiyes.png",
								"item_count": 1
              }
						],
						"map_locations":
						[
							{
								"map": "Present",
								"x": 280,
								"y": 192
							},
							{
								"map": "All Eras",
								"x": 1816,
								"y": 1216
							}
						]
					},
					{
						"name": "Aero Dalton Imperial",
						"access_rules":[],
						"sections":
						[
              {
                "name": "Attach Epoch Wings",
                "visibility_rules": [""],
                "access_rules":["jetsoftime, belthasar", "jetsoftime, magusboss", "jetsoftime, blacktyranoboss"],
								"hosted_item": "jetsoftime2"
              },
							{
								"name": "Defeat Dalton",
               							 "access_rules":["jetsoftime, belthasar", "jetsoftime, magusboss", "jetsoftime, blacktyranoboss"],
								"hosted_item": "dalton"
							}
						],
						"map_locations":
						[
							{
								"map": "Dark Ages",
								"x": 1181,
								"y": 821
							},
							{
								"map": "All Eras",
								"x": 1177,
								"y": 1848
							}
						]
					},
					{
						"name": "Snail Stop",
						"access_rules":[],
						"sections":
						[
							{
								"hosted_item": "snail",
								"name": "Buy for 9900G"								
							}
						],
						"map_locations":
						[
							{
								"map": "Present",
								"x": 441,
								"y": 860
							},
							{
								"map": "All Eras",
								"x": 1977,
								"y": 1884
							}
						]
					},
					{
						"name": "Heckran Cave",
						"access_rules":[],
						"sections":
						[
							{
								"name": "Heckran",
								"hosted_item": "heckranboss"
							},
              {
								"name": "Chests",
                "visibility_rules": ["chronosanity"],
								"chest_unopened_img": "images/kino.png",
								"chest_opened_img": "images/kiyes.png",
								"item_count": 4
							},
              {
								"name": "Sealed Chest",
                "visibility_rules": ["chronosanity"],
                "access_rules": ["$canAccessSealed"],
								"chest_unopened_img": "images/kino.png",
								"chest_opened_img": "images/kiyes.png",
								"item_count": 1
							}
						],
						"map_locations":
						[
							{
								"map": "Present",
								"x": 682,
								"y": 444
							},
							{
								"map": "All Eras",
								"x": 2218,
								"y": 1468
							}
						]
					},
					{
						"name": "Millenial Fair",
						"sections":
						[
							{
								"name": "Marle Pendant",
								"hosted_item": "fair"
							},
							{
								"name": "Bekkler's Game",			
								"access_rules":["crono", "ctrigger"],
								"hosted_item": "bekkler"
							},
							{
								"name": "Character Recruit",
								"hosted_item": "fairrecruit"
							}
						],
						"map_locations":
						[
							{
								"map": "Present",
								"x": 424,
								"y": 225
							},
							{
								"map": "All Eras",
								"x": 1958,
								"y": 1248
							}
						]
					},
					{
						"name": "Melchior's Hut",
						"access_rules":["benthilt,bentsword, lucca, dreamstone", "benthilt, bentsword, robo, dreamstone"],
						"sections":
						[
							{
								"name": "Reforge the Masamune",
								"hosted_item": "melchior"
							}
						],
						"map_locations":
						[
							{
								"map": "Present",
								"x": 696,
								"y": 506
							},
							{
								"map": "All Eras",
								"x": 2232,
								"y": 1530
							}
						]
					},
					{
						"name": "Lucca's House",
						"access_rules":["heckranboss"],
						"sections":
						[
							{
								"name": "Taban's Gift",
								"chest_unopened_img": "images/kino.png",
								"chest_opened_img": "images/kiyes.png",
								"item_count": 1
							}
						],
						"map_locations":
						[
							{
								"map": "Present",
								"x": 344,
								"y": 419
							},
							{
								"map": "All Eras",
								"x": 1880,
								"y": 1443
							}
						]
					},
          {
						"name": "Forest Ruins",
						"access_rules":
						[
							""
						],
						"sections":
						[
							{
								"name": "Chests",
                "visibility_rules": ["chronosanity"],
								"chest_unopened_img": "images/kino.png",
								"chest_opened_img": "images/kiyes.png",
								"item_count": 1
							},
              {
								"name": "Blue Pyramid",
                "visibility_rules": ["chronosanity"],
                "access_rules": ["$canAccessSealed"],
								"chest_unopened_img": "images/kino.png",
								"chest_opened_img": "images/kiyes.png",
								"item_count": 1
							}
						],
						"map_locations":
						[
							{
								"map": "Present",
								"x": 1000,
								"y": 257
							},
							{
								"map": "All Eras",
								"x": 2536,
								"y": 1282
							}
						]
					},
          {
						"name": "Truce Mayor's House",
						"access_rules":[],
						"sections":
						[
							{
								"name": "Chests",
                "visibility_rules": ["chronosanity"],
								"chest_unopened_img": "images/kino.png",
								"chest_opened_img": "images/kiyes.png",
								"item_count": 2
							}
						],
						"map_locations":
						[
							{
								"map": "Present",
								"x": 378,
								"y": 324
							},
							{
								"map": "All Eras",
								"x": 1912,
								"y": 1348
							}
						]
					},
          {
						"name": "Truce Inn Present",
						"access_rules": ["$canAccessSealed"],
						"sections":
						[
							{
								"name": "Sealed Chest",
                "visibility_rules": ["chronosanity"],
								"chest_unopened_img": "images/kino.png",
								"chest_opened_img": "images/kiyes.png",
								"item_count": 1
							}
						],
						"map_locations":
						[
							{
								"map": "Present",
								"x": 416,
								"y": 289
							},
							{
								"map": "All Eras",
								"x": 1953,
								"y": 1313
							}
						]
					},
          {
						"name": "Porre Mayor's House",
						"access_rules":[],
						"sections":
						[
							{
								"name": "Chests",
                "visibility_rules": ["chronosanity"],
								"chest_unopened_img": "images/kino.png",
								"chest_opened_img": "images/kiyes.png",
								"item_count": 1
							},
							{
								"name": "Jerky Trade (turn in 600ad, consumes 1 jerky. Then talk to 1,000 AD mayor.)",
                "visibility_rules": [""],
		"access_rules":["jerky"],
								"hosted_item": "jerkytrade"
							},
              {
								"name": "Sealed Chests",
                "visibility_rules": ["chronosanity"],
                "access_rules": ["$canAccessSealed"],
								"chest_unopened_img": "images/kino.png",
								"chest_opened_img": "images/kiyes.png",
								"item_count": 2
							}
						],
						"map_locations":
						[
							{
								"map": "Present",
								"x": 337,
								"y": 852
							},
							{
								"map": "All Eras",
								"x": 1873,
								"y": 1877
							}
						]
					},
          {
						"name": "Northern Ruins Present",
						"access_rules":["jetsoftime2, tools"],
						"sections":
						[
              {
								"name": "Upstairs",
                "visibility_rules": ["chronosanity"],
								"chest_unopened_img": "images/kino.png",
								"chest_opened_img": "images/kiyes.png",
								"item_count": 1
							},
              {
								"name": "Basement",
                "visibility_rules": ["chronosanity"],
                "access_rules": ["frog"],
								"chest_unopened_img": "images/kino.png",
								"chest_opened_img": "images/kiyes.png",
								"item_count": 1
							},
              {
								"name": "Sealed Chests",
                "visibility_rules": ["chronosanity"],
								"chest_unopened_img": "images/kino.png",
								"chest_opened_img": "images/kiyes.png",
								"item_count": 3
							}
						],
						"map_locations":
						[
							{
								"map": "Present",
								"x": 1240,
								"y": 684
							},
							{
								"map": "All Eras",
								"x": 2776,
								"y": 1708
							}
						]
					},
          {
						"name": "Guardia Forest Present",
						"access_rules": ["$canAccessSealed"],
						"sections":
						[
              {
								"name": "Sealed Chest",
                "visibility_rules": ["chronosanity"],
								"chest_unopened_img": "images/kino.png",
								"chest_opened_img": "images/kiyes.png",
								"item_count": 1
							}
						],
						"map_locations":
						[
							{
								"map": "All Eras",
								"x": 1816,
								"y": 1290
							},
							{
								"map": "Present",
								"x": 281,
								"y": 263
							}
						]
					}
				]
			},
			{
				"name": "Future",
				"color": "#482828",
				"access_rules":[""],
				"children":
				[
					{
						"name": "Arris Dome",
						"access_rules":[],
						"sections":
						[
							{
								"name": "Guardian (Check food storage after lol",
								"hosted_item": "guardianboss"
							},
							{
								"name": "Give Seed to Doan",
								"access_rules":["seed"],
								"hosted_item": "doan"
							},
              {
                "name": "Chests",
                "visibility_rules": ["chronosanity"],
								"chest_unopened_img": "images/kino.png",
								"chest_opened_img": "images/kiyes.png",
								"item_count": 2
              },
              {
                "name": "Sealed Door",
                "visibility_rules": ["chronosanity"],
                "access_rules": ["$canAccessSealed"],
								"chest_unopened_img": "images/kino.png",
								"chest_opened_img": "images/kiyes.png",
								"item_count": 4
              }
						],
						"map_locations":
						[
							{
								"map": "Future",
								"x": 447,
								"y": 359
							},
							{
								"map": "All Eras",
								"x": 3519,
								"y": 359
							}
						]
					},
					{
						"name": "Proto Dome",
						"access_rules":["bikekey", "jetsoftime2"],
						"sections":
						[
							{
								"name": "Fix Robo",
								"hosted_item": "protorecruit"
							}
						],
						"map_locations":
						[
							{
								"map": "Future",
								"x": 912,
								"y": 410
							},
							{
								"map": "All Eras",
								"x": 3984,
								"y": 410
							}
						]
					},
					{
						"name": "Factory",
						"access_rules":["bikekey, robo", "jetsoftime2, robo"],
						"sections":
						[
							{
								"name": "R-Series",
								"hosted_item": "rseriesboss"
							},
              {
                "name": "Left Side",
                "visibility_rules": ["chronosanity"],
								"chest_unopened_img": "images/kino.png",
								"chest_opened_img": "images/kiyes.png",
								"item_count": 4
              },
              {
                "name": "Right Side",
                "visibility_rules": ["chronosanity"],
								"chest_unopened_img": "images/kino.png",
								"chest_opened_img": "images/kiyes.png",
								"item_count": 9
              }
						],
						"map_locations":
						[
							{
								"map": "Future",
								"x": 920,
								"y": 288
							},
							{
								"map": "All Eras",
								"x": 3992,
								"y": 288
							}
						]
					},
					{
						"name": "Geno Dome",
						"access_rules":["jetsoftime2, robo"],
						"sections":
						[
							{
								"name": "Mother Brain",
								"hosted_item": "motherbrainboss"
							},
              {
                "name": "First Floor",
                "visibility_rules": ["chronosanity"],
								"chest_unopened_img": "images/kino.png",
								"chest_opened_img": "images/kiyes.png",
								"item_count": 8
              },
              {
                "name": "Second Floor",
                "visibility_rules": ["chronosanity"],
								"chest_unopened_img": "images/kino.png",
								"chest_opened_img": "images/kiyes.png",
								"item_count": 4
              }
						],
						"map_locations":
						[
							{
								"map": "Future",
								"x": 1160,
								"y": 734
							},
							{
								"map": "All Eras",
								"x": 4232,
								"y": 734
							}
						]
					},
					{
						"name": "Death Peak",
						"access_rules":["clone,ctrigger"],
						"sections":
						[
							{
								"name": "Character Recruit",
								"hosted_item": "deathpeakrecruit"
							},				
							{
								"name": "Lavos Spawns (3x)",
								"hosted_item": "lavosspawnboss"
							},
							{
								"name": "Final Chest",
								"visibility_rules": [""],
								"chest_unopened_img": "images/kino.png",
												"chest_opened_img": "images/kiyes.png",
												"item_count": 1
							  }
						],
						"map_locations":
						[
							{
								"map": "Future",
								"x": 676,
								"y": 551
							},
							{
								"map": "All Eras",
								"x": 3748,
								"y": 551
							}
						]
					},					
					{
						"name": "Sun Palace",
						"access_rules":["jetsoftime2"],
						"sections":
						[	
							{
								"name": "Son of Sun",
								"hosted_item": "sonofsunboss"
							}
						],
						"map_locations":
						[
							{
								"map": "Future",
								"x": 488,
								"y": 885
							},
							{
								"map": "All Eras",
								"x": 3560,
								"y": 886
							}
						]
					},
					{
						"name": "Keeper's Dome",
						"access_rules":["pendant2"],
						"sections":
						[
							{
								"name": "Add 12,000 and 2,300 to time gauge",
								"hosted_item": "belthasar"	
							}
						],
						"map_locations":
						[
							{
								"map": "Future",
								"x": 624,
								"y": 621
							},
							{
								"map": "All Eras",
								"x": 3696,
								"y": 621
							}
						]
					},
					{
						"name": "Trann Dome",
						"access_rules": ["$canAccessSealed"],
						"sections":
						[
							{
								"name": "Sealed Door",
                "visibility_rules": ["chronosanity"],
								"chest_unopened_img": "images/kino.png",
								"chest_opened_img": "images/kiyes.png",
								"item_count": 2
							}
						],
						"map_locations":
						[
							{
								"map": "Future",
								"x": 192,
								"y": 550
							},
							{
								"map": "All Eras",
								"x": 3264,
								"y": 550
							}
						]
					},
					{
						"name": "Bangor Dome",
						"access_rules": ["$canAccessSealed"],
						"sections":
						[
							{
								"name": "Sealed Door",
                "visibility_rules": ["chronosanity"],
								"chest_unopened_img": "images/kino.png",
								"chest_opened_img": "images/kiyes.png",
								"item_count": 3
							}
						],
						"map_locations":
						[
							{
								"map": "Future",
								"x": 216,
								"y": 430
							},
							{
								"map": "All Eras",
								"x": 3288,
								"y": 430
							}
						]
					},
					{
						"name": "Sewers",
						"sections":
						[
							{
								"name": "Chests",
                "visibility_rules": ["chronosanity"],
								"chest_unopened_img": "images/kino.png",
								"chest_opened_img": "images/kiyes.png",
								"item_count": 3
							}
						],
						"map_locations":
						[
							{
								"map": "Future",
								"x": 551,
								"y": 365
							},
							{
								"map": "All Eras",
								"x": 3623,
								"y": 365
							}
						]
					},
          {
						"name": "Lab16",
						"sections":
						[
							{
								"name": "Chests",
                "visibility_rules": ["chronosanity"],
								"chest_unopened_img": "images/kino.png",
								"chest_opened_img": "images/kiyes.png",
								"item_count": 4
							}
						],
						"map_locations":
						[
							{
								"map": "Future",
								"x": 263,
								"y": 367
							},
							{
								"map": "All Eras",
								"x": 3335,
								"y": 367
							}
						]
					},
					{
						"name": "Lab32",
						"sections":
						[
							{
								"name": "Chests",
                "visibility_rules": ["chronosanity"],
								"chest_unopened_img": "images/kino.png",
								"chest_opened_img": "images/kiyes.png",
								"item_count": 1
							}
						],
						"map_locations":
						[
							{
								"map": "Future",
								"x": 504,
								"y": 276
							},
							{
								"map": "All Eras",
								"x": 3576,
								"y": 276
							}
						]
					}
				]
			},
			{
				"name": "Last Village",
				"color": "#482828",
				"access_rules":
				["go0, belthasar", "go0, magusboss", "go0, blacktyranoboss", "twinboss", "go0, jetsoftime2", "algetty, jetsoftime2", "algetty, blacktyranoboss", "algetty, magusboss", "algetty, belthasar"],
				"children":
				[
					{
						"name": "Last Village",
						"access_rules":
						[
							""
						],
						"sections":
						[
							{
								"name": "Defeat Dalton (blackbird)",
								"hosted_item": "dalton"
							},
							{
								"name": "Reclaim Epoch",
								"hosted_item": "jetsoftime2"
							},
							{
								"name": "Talk to Plant Lady (opens 600 AD sunken desert)",
								"hosted_item": "plant"
							}
						],
						"map_locations":
						[
							{
								"map": "Last Village",
								"x": 1083,
								"y": 382
							},
							{
								"map": "All Eras",
								"x": 4296,
								"y": 1396
							}
						]
					},
					{
						"name": "North Cape",
						"access_rules":
						[
							""
						],
						"sections":
						[
							{
								"name": "Recruit Character",
								"hosted_item": "northcaperecruit"
							}
						],
						"map_locations":
						[
							{
								"map": "Last Village",
								"x": 1018,
								"y": 283
							},
							{
								"map": "All Eras",
								"x": 4224,
								"y": 1299
							}
						]
					},
					{
						"name": "Black Omen",
						"access_rules":
						[
							"jetsoftime2, omen", "jetsoftime2, go1"
						],
						"sections":
						[
							{
								"name": "Defeat Queen Zeal (Leads to Lavos.)",
								"hosted_item": "zealboss"
							}
						],
						"map_locations":
						[
							{
								"map": "Last Village",
								"x": 591,
								"y": 522
							},
							{
								"map": "All Eras",
								"x": 3767,
								"y": 1543
							}
						]
					}
					
				]
			},
			{
				"name": "End of Time",
				"color": "#482828",
				"access_rules":
				["rseriesboss", "gatekey, crono, marle, lucca, frog", "gatekey, crono, marle, lucca, robo", "gatekey, crono, marle, lucca, ayla", "gatekey, crono, marle, lucca, magus", "gatekey, crono, lucca, frog, robo", "gatekey, crono, lucca, frog, ayla", "gatekey, crono, lucca, frog, magus", "gatekey, crono, frog, robo, ayla", "gatekey, crono, frog, robo, magus", "gatekey, crono, frog, ayla, magus", "gatekey, crono, robo, ayla, magus", "gatekey, marle, lucca, frog, robo", "gatekey, marle, lucca, frog, ayla", "gatekey, marle, lucca, frog, magus", "gatekey, marle, lucca, robo, ayla", "gatekey, marle, lucca, robo, magus", "gatekey, marle, lucca, ayla, magus", "gatekey, marle, frog, robo, ayla", "gatekey, marle, frog, robo, magus", "gatekey, marle, frog, ayla, magus", "gatekey, lucca, frog, robo, ayla", "gatekey, lucca, frog, robo, magus", "gatekey, lucca, robo, ayla, magus", "gatekey, crono, marle, frog, robo", "gatekey, crono, marle, frog, ayla", "gatekey, crono, marle, frog, magus", "gatekey, crono, marle, robo, ayla", "gatekey, crono, marle, robo, magus", "gatekey, crono, marle, ayla, magus", "gatekey, lucca, frog, ayla, magus", "gatekey, marle, robo, ayla, magus", "gatekey, crono, lucca, robo, ayla", "gatekey, crono, lucca, robo, magus", "gatekey, crono, lucca, ayla, magus", "gatekey, frog, robo, ayla, magus"],
				"children":
				[
					{
						"name": "Gaspar Key Item",
						"access_rules":
						[
							"obj3", "twinboss"
						],
						"sections":
						[
							{
								"name": "Receive Key Item from Gaspar",
								"hosted_item": "gaspar"
							}
						],
						"map_locations":
						[
							{
								"map": "Last Village",
								"x": 459,
								"y": 380
							},
							{
								"map": "All Eras",
								"x": 3529,
								"y": 1406
							}
						]
					}
				]
			}
		]
	}
]
			
