{
	"tracker_broadcast":
	{
		"type": "array",
		"width": 246,
		"height": 145,
		"dropshadow": true,
		"margin": "1,1",
		"content":
		[
			{
				"type": "array",
				"orientation": "horizontal",
				"margin": "0,0",
				"content":
				[
					{
						"type": "itemgrid",
						"item_margin": "1,1",
						"h_alignment": "stretch",
						"rows":
						[
							[ "crono", "lucca", "marle", "frog", "robo","ayla", "magus" ],
							[ "benthilt", "bentsword", "masamune",  "heromedal", "seed", "bikekey"],
							[ "gatekey", "dreamstone", "rubyknife", "rainbowshell", "tools", "racelog"],
							[ "pendant", "ctrigger", "tomapop", "jerky1", "moonstone", "sunstone"],
							[ "jetsoftime", "dactyl", "obj1", "go1", "gomode", "ribbon"]
						]
					}
				]
			}
		]
	}
}