{
	"shared_item_grid":
	{
		"type": "array",
		"orientation": "vertical",
		"margin": "0,0",
		"content":
		[
			{
				"type": "array",
				"orientation": "horizontal",
				"margin": "0,0",
				"content":
				[
					{
						"type": "itemgrid",
						"h_alignment": "center",
						"item_margin": "1,1",
						"rows":
						[
							[ "crono", "lucca", "marle", "frog", "robo","ayla", "magus" ],
							[ "benthilt", "bentsword", "masamune", "grandleon",  "heromedal", "seed", "bikekey", "scale"],
							[ "gatekey", "dreamstone", "rubyknife", "rainbowshell", "prismshard", "tools", "racelog", "dactyl"],
							[ "pendant1", "ctrigger", "clone", "tomapop", "jerky", "moonstone", "sunstone", "jetsoftime"],
							[ "jetsoftime2", "algetty", "omen", "bucket", "apoc", "go", "checklist", "Pendant2"]
						]
					},
					{
						"type": "itemgrid",
						"h_alignment": "center",
						"item_margin": "1,1",
						"rows":
						[
							[ "yakraboss", "yakraxiiiboss", "dragontankboss","rusttyranoboss", "retiniteboss", "heckranboss", "zomborboss" ],
							[ "blacktyranoboss", "sonofsunboss", "guardianboss", "rseriesboss", "masamuneboss", "nizbelboss", "zealboss" ],
							[ "magusboss", "gigagaiaboss", "motherbrainboss", "lavosspawnboss","dalton", "golemboss", "twinboss" ],
							[ "fair", "bekkler", "snail", "melchior", "jerkytrade", "tata", "plant" ],
							[ "gaspar", "mammon", "burrow", "cyrus", "doan", "belthasar", "moonstonecharge" ]
						]
					}
				]
			}
		]
	},
	"tracker_capture_item":
	{
		"type": "container",
		"content":
		{
			"type": "layout",
			"key": "shared_item_grid"
		}
	},
	"tracker_default":
	{
		"type": "container",
		"width": 540,
		"height": 180,
		"background": "#101010",
		"content":
		{
			"type": "layout",
			"dropshadow": true,
			"margin": 1,
			"key": "shared_item_grid"
		}
	}
}
